INSERT INTO CUSTOMERS VALUES('04D41V0','Tom','Cruise','1210 main street','22','M','Gold');
INSERT INTO CUSTOMERS VALUES('08B41V0','Tony','James','131 whitney avenue','28','M','Silver');
INSERT INTO CUSTOMERS VALUES('09D41M0','Nancy','Henry','400 lalley bolevard','30','F','Silver');
INSERT INTO CUSTOMERS VALUES('02H71V0','Henry','James','20 compo mill co','21','M','Gold');
INSERT INTO CUSTOMERS VALUES('04I41K0','Charles','Chaplin','233 bayberry lane','28','M','Gold');


INSERT INTO EMPLOYE VALUES('49490','Dileesh','12896','20 westport road','M','30','Oracle');
INSERT INTO EMPLOYE VALUES('49492','AAshsih','23457','400 nyala farms','M','32','HOTEL');
INSERT INTO EMPLOYE VALUES('49491','raghu','16896','115 senate lane','F','35','Project');
INSERT INTO EMPLOYE VALUES('49493','Ravinder jadeja','15896','128 Park avenue','F','25','Database');
INSERT INTO EMPLOYE VALUES('49494','rahul dravid','12899','110 Bridgeport avenue','M','39','Oracle');

INSERT INTO ROOM_INFORMATION VALUES('2','80','Empty','Y','Y','Y');
INSERT INTO ROOM_INFORMATION VALUES('3','70','Full','N','Y','Y');
INSERT INTO ROOM_INFORMATION VALUES('1','85','Empty','Y','Y','Y');
INSERT INTO ROOM_INFORMATION VALUES('4','90','Empty','Y','Y','Y');
INSERT INTO ROOM_INFORMATION VALUES('5','80','Empty','Y','Y','Y');

INSERT INTO SERVICES VALUES('2','Y','Y','Y');
INSERT INTO SERVICES VALUES('1','Y','Y','Y');
INSERT INTO SERVICES VALUES('3','Y','N','N');
INSERT INTO SERVICES VALUES('4','N','Y','Y');
INSERT INTO SERVICES VALUES('5','Y','Y','N');


INSERT INTO BILLING VALUES('150','04D41V0','100','49490');
INSERT INTO BILLING VALUES('151','08B41V0','400','49492');
INSERT INTO BILLING VALUES('152','09D41M0','600','49491');
INSERT INTO BILLING VALUES('153','02H71V0','800','49493');
INSERT INTO BILLING VALUES('154','04I41K0','900','49494');


INSERT INTO Bookings VALUES('176','1','49490','04D41V0','2015-05-11',2,'2015-5-14');
INSERT INTO Bookings VALUES('175','2','49492','08B41V0','2015-05-15',3,'2015-5-17');
INSERT INTO Bookings VALUES('178','3','49491','09D41M0','2015-05-20',1,'2015-5-24');
INSERT INTO Bookings VALUES('180','4','49493','02H71V0','2015-05-30',5,'2015-6-03');
INSERT INTO Bookings VALUES('181','5','49494','04I41K0','2015-06-5',6,'2015-6-11');


INSERT INTO PAYMENTS_INFO VALUES('6578','176','49490','CARD',300,456777832,'VISA','2018-6-5','2015-5-10');
INSERT INTO PAYMENTS_INFO VALUES('6568','175','49492','CARD',500,45676544,'VISA','2018-6-15','2015-5-15');
INSERT INTO PAYMENTS_INFO VALUES('6570','178','49491','CARD',800,45564297,'CREDIT','2018-6-21','2015-5-20');
INSERT INTO PAYMENTS_INFO VALUES('9876','180','49493','CARD',100,45678549,'VISA','2018-6-21','2015-5-16');
INSERT INTO PAYMENTS_INFO VALUES('3456','181','49494','CARD',200,45676550,'VISA','2018-7-15','2015-7-13');
INSERT INTO PAYMENTS_INFO VALUES('1234','178','49491','CARD',400,67835445,'VISA','2018-8-15','2015-8-15');


INSERT INTO CHECK_INFORMATION VALUES('2015-07-23','2015-07-29',3,'1');
INSERT INTO CHECK_INFORMATION VALUES('2015-07-30','2015-08-01',4,'2');
INSERT INTO CHECK_INFORMATION VALUES('2015-08-03','2015-08-05',5,'3');
INSERT INTO CHECK_INFORMATION VALUES('2015-08-14','2015-08-10',1,'4');
INSERT INTO CHECK_INFORMATION VALUES('2015-08-10','2015-08-15',6,'5');

INSERT INTO HOTEL_INFO VALUES('4567','BRIDGEPORT','CONNETICUT',67895,'49490');
INSERT INTO HOTEL_INFO VALUES('4678','HOUSTON','TEXAS',67488283,'49492');
INSERT INTO HOTEL_INFO VALUES('4554','ATLANTA','GEORGIA',5674826892,'49491');
INSERT INTO HOTEL_INFO VALUES('4987','MADISON','WISCONSIN',6785345,'49493');
INSERT INTO HOTEL_INFO VALUES('4995','IRVINE','CALOFORNA',6543290,'49494');

INSERT INTO Tourism VALUES('6 flags',300,3,'49490','4567');
INSERT INTO Tourism VALUES('austin',600,2,'49492','4678');
INSERT INTO Tourism VALUES('beach',700,4,'49491','4554');
INSERT INTO Tourism VALUES('MALL',100,1,'49493','4987');
INSERT INTO Tourism VALUES('SANDIEO',400,3,'49494','4995');